Ref Manip,,,,,,Chambre consignes,,Ambiant,,,,Temps,,,Cryostat,,,,Substrat,,Goutte,,,,Camera,,,,,,,,Geometrical data,,,,,,,,time_calc,,,,Real values,,
date,serie,completed,completed_2,etat,lieu,Ta,phi,Ta_int,Ta_ext,phi_int,phi_ext,t_nuc_mes,t_end_mes,t_dif_mes,ref_therm,Tc_sta,Tc_set,Tc_nuc,alpha,ref,n_freezing,type,insulation,capillaire_ref,mire,fps,exp,delay,Remarques,del_exp_real,fps_real,px_mm,ca_left,ca_right,symmetrical,v_theo,v_theo_mm,z0,rc,r0,t_nuc_calc,t_ref_calc,t_end_calc,t_dif_calc,z_r_ratio,t_dif_calc_usi,Delta_t_dif_mes_calc
dd-mm-yyyy,int,bool,bool,"(0, 1, 2, 3)",Dans la chambre : 1 sinon 0,°C,%,°C,°C,%,%,mm:ss,mm:ss,mm:ss,,°C,°C,°C,°,None,None,None,Bool,None,Bool,i/s,ms,ms,None,ms,i/s,px/m,°,°,bool,px**3,mm^3,px,px,px,frame,frame,frame,frame,1,mm:ss,mm:ss
29-03-2018,1,TRUE,1,1,0,NaN,NaN,NaN,"22,3",NaN,"41,8",NaN,02'03'',NaN,Tw-10,"-10,0","-10,0","-10,0","0,0",Cu20b,1,a,Non,,,"2,00",RAS,RAS,,NaN,"2,00",146500,47,42,Oui,"67431932,21","21,45",202,524,446,103,98,161,58,"0,45",00'29'',NaN
29-03-2018,2,FALSE,0,0,0,NaN,NaN,NaN,"22,7",NaN,"41,9",NaN,03'45'',NaN,qw2,"-10,0","10,0","7,9","0,0",Cu20b,1,b,Non,,,"1,00",RAS,RAS,Etallement,NaN,"1,00",,,,,0,"0,00",,,,68,,162,94,#DIV/0!,01'34'',NaN
29-03-2018,3,FALSE,0,0,0,NaN,NaN,NaN,"22,4",NaN,"39,1",NaN,NaN,NaN,Tw-10,"-10,0","-10,0","-10,0","0,0",Cu20b,1,a,Non,,,"1,00",RAS,RAS,"Givrage dès la dépose (mauvais dégèle ?)
Non-axi",NaN,"1,00",,,,,0,"0,00",,,,107,,158,51,#DIV/0!,00'51'',NaN
29-03-2018,4,FALSE,0,4,0,NaN,NaN,NaN,"22,4",NaN,"39,1",NaN,02'51'',NaN,qw2,"-10,0","10,0","7,7","0,0",Cu20b,1,b,Non,,,"1,00",RAS,RAS,Translation caméra + mvt light,NaN,"1,00",,,,,0,"0,00",,,,,,,0,#DIV/0!,00'00'',NaN
29-03-2018,5,FALSE,0,0,0,NaN,NaN,NaN,"22,8",NaN,"37,9",NaN,17'51'',NaN,qw2,"10,0","-10,0","-10,0","0,0",Cu20b,1,a,Non,,,"1,00",RAS,RAS,"non-axi
étallement perpendiculaire à la vue de face",NaN,"1,00",,,,,0,"0,00",,,,147,,159,12,#DIV/0!,00'12'',NaN
29-03-2018,6,FALSE,0,0,0,NaN,NaN,NaN,"22,8",NaN,"37,7",NaN,03'20'',NaN,qw2,"-10,0","10,0",NaN,"0,0",Cu20b,1,b,Non,,,"1,00",RAS,RAS,"non-axi
étallement",NaN,"1,00",,,,,0,"0,00",,,,,,,0,#DIV/0!,00'00'',NaN
29-03-2018,7,FALSE,0,0,0,NaN,NaN,NaN,"22,0",NaN,"39,5",NaN,16'19'',NaN,qw2,"10,0","-10,0","-10,0","0,0",Cu20b,1,a,Non,,,"1,00",RAS,RAS,Etallement,NaN,"1,00",,,,,0,"0,00",,,,136,132,151,15,#DIV/0!,00'15'',NaN
29-03-2018,8,FALSE,0,0,0,NaN,NaN,NaN,"22,0",NaN,"39,0",NaN,03'15'',NaN,qw2,"-10,0","10,0","7,9","0,0",Cu20b,1,b,Non,,,"1,00",RAS,RAS,Etallement,NaN,"1,00",,,,,0,"0,00",,,,,,,0,#DIV/0!,00'00'',NaN
29-03-2018,9,TRUE,1,1,0,NaN,NaN,NaN,"22,2",NaN,"38,4",NaN,13'29'',NaN,qw2,"10,0","-10,0","-10,0","0,0",Cu10a,1,a,Non,,,"1,00",RAS,RAS,,NaN,"1,00",129400,88,82,Oui,"53692830,19","24,78",262,369,328,117,116,160,43,"0,80",00'43'',NaN
29-03-2018,10,FALSE,0,0,0,NaN,NaN,NaN,"22,6",NaN,"39,2",NaN,04'13'',NaN,qw2,"-10,0","10,0","8,0","0,0",Cu10a,1,b,Non,,,"1,00",RAS,RAS,,NaN,"1,00",,,,,0,"0,00",,,,,,,0,#DIV/0!,00'00'',NaN
29-03-2018,11,TRUE,1,1,0,NaN,NaN,NaN,"22,2",NaN,"38,2",NaN,17'32'',NaN,qw2,"10,0","-10,0","-10,0","0,0",Cu10a,2,a,Non,,,"1,00",RAS,RAS,,NaN,"1,00",129400,84,79,Oui,"57262015,07","26,43",261,378,342,130,129,162,32,"0,76",00'32'',NaN
29-03-2018,12,FALSE,0,0,0,NaN,NaN,NaN,"22,6",NaN,"38,0",NaN,04'05'',NaN,qw2,"-10,0","10,0","8,0","0,0",Cu10a,2,b,Non,,,"1,00",RAS,RAS,,NaN,"1,00",,,,,0,"0,00",,,,,,,0,#DIV/0!,00'00'',NaN
30-03-2018,1,FALSE,0,4,0,NaN,NaN,NaN,"22,6",NaN,"34,5",NaN,01'47'',NaN,Tw-10,"-10,0","-10,0","-10,0","0,0",Cu10a,1,a,Non,,,"2,00",RAS,RAS,"La goutte n'est pas centrée
Givrage très rapide -- des germes sont surement présent suite à un précédent givrage raté --",NaN,"2,00",,,,,0,"0,00",,,,59,,161,102,#DIV/0!,00'51'',NaN
30-03-2018,2,FALSE,0,4,0,NaN,NaN,NaN,"23,2",NaN,"34,1",NaN,05'40'',NaN,qw2,"-10,0","10,0","8,0","0,0",Cu10a,1,b,Non,,,"2,00",RAS,RAS,"Déplacement cam1 + refocus pour centrer la goutte
Etallement vers l'avant de la goutte
Seulement la fin est enregistrée",NaN,"2,00",,,,,0,"0,00",,,,,,,0,#DIV/0!,00'00'',NaN
30-03-2018,3,TRUE,1,1,0,NaN,NaN,NaN,"23,7",NaN,"32,4",NaN,15'09'',NaN,qw2,"10,0","-10,0","-9,6","0,0",Cu10a,1,a,Non,,,"2,00",RAS,RAS,non-axi,NaN,"2,00",134600,50,50,Non,"52580513,71","21,56",194,433,400,122,121,161,39,"0,49",00'20'',NaN
30-03-2018,4,FALSE,0,4,0,NaN,NaN,NaN,"23,2",NaN,"33,0",NaN,03'45'',NaN,qw2,"-10,0","10,0","7,1","0,0",Cu10a,1,b,Non,,,"2,00",RAS,RAS,Pas le début ni la fin ,NaN,"2,00",,,,,0,"0,00",,,,,,,0,#DIV/0!,00'00'',NaN
30-03-2018,5,TRUE,1,1,0,NaN,NaN,NaN,"23,8",NaN,"31,7",NaN,14'01'',NaN,qw2,"10,0","-10,0","-9,6","0,0",Cu10a,2,a,Non,,,"2,00",RAS,RAS,non-axi,NaN,"2,00",131400,51,51,Non,"50587510,37","22,30",193,427,393,119,114,162,43,"0,49",00'22'',NaN
30-03-2018,6,FALSE,0,0,0,NaN,NaN,NaN,"23,4",NaN,"30,9",02'00'',NaN,NaN,qw2,"-10,0","10,0","7,2","0,0",Cu10a,2,b,Non,,,"1,00",RAS,RAS,non-axi,NaN,"1,00",,,,,0,"0,00",,,,,,,0,#DIV/0!,00'00'',NaN
30-03-2018,7,TRUE,1,1,0,NaN,NaN,NaN,"23,7",NaN,"30,9",13'34'',13'53'',00'19'',qw2,"10,0","-10,0","-9,4","10,0",Cu10a,1,a,Non,,,"2,00",RAS,RAS,"Non symétrique
Récul cam1 pour agrandir le champ + refocus",NaN,"2,00",88650,45,41,Non,"15223523,4","21,85",108,293,293,116,111,158,42,"0,37",00'21'',59'58''
30-03-2018,8,FALSE,0,0,0,NaN,NaN,NaN,"22,8",NaN,"31,8",02'04'',03'44'',01'40'',qw2,"-10,0","10,0","7,3","10,0",Cu10a,1,b,Non,,,"1,00",RAS,RAS,"Non symétrique
léger étallement",NaN,"1,00",,,,,0,"0,00",,,,,,,0,#DIV/0!,00'00'',NaN
06-04-2018,1,TRUE,1,1,0,NaN,NaN,NaN,"27,5",NaN,NaN,NaN,19'14'',NaN,qw3,"10,0","-20,0","-12,5","10,0",Cu10a,1,a,Non,,,"2,00",RAS,RAS,"Il fait très chaud car C.C. allumée à côté.
Test hydromètre dans la chambre.",NaN,"2,00",50000,75,50,Oui,"7620962,376","60,97",106,241,205,118,117,158,40,"0,52",00'20'',NaN
06-04-2018,2,FALSE,0,0,0,NaN,NaN,NaN,"28,0",NaN,NaN,NaN,NaN,NaN,qw3,"-20,0","10,0","8,9","10,0",Cu10a,1,b,Non,,,"1,00",RAS,RAS,"Il fait très chaud car C.C. allumée à côté.
Test hydromètre dans la chambre.",NaN,"1,00",,,,,0,"0,00",,,,,,,0,#DIV/0!,00'00'',NaN
06-04-2018,3,TRUE,1,1,0,NaN,NaN,NaN,"28,5",NaN,NaN,18'22'',18'47'',00'25'',qw1,"10,0","-15,0","-11,9","10,0",Cu10a,2,a,Non,,,"2,00",RAS,RAS,"Il fait très chaud car C.C. allumée à côté.
Test hydromètre dans la chambre.",NaN,"2,00",68180,66,48,Oui,"7269613,984","22,94",105,240,201,105,100,158,53,"0,52",00'27'',59'57''
06-04-2018,4,FALSE,0,0,0,NaN,NaN,NaN,"28,8",NaN,NaN,03'10'',04'47'',01'37'',qw1,"-15,0","10,0","8,9","10,0",Cu10a,2,b,Non,,,"1,00",RAS,RAS,"Il fait très chaud car C.C. allumée à côté.
Test hydromètre dans la chambre.",NaN,"1,00",,,,,0,"0,00",,,,,,,0,#DIV/0!,00'00'',NaN
06-04-2018,5,TRUE,1,1,0,NaN,NaN,NaN,"27,5",NaN,"33,1",17'00'',17'24'',00'24'',qw1,"10,0","-15,0","-11,0","10,0",Cu10a,3,a,Non,,,"2,00",RAS,RAS,,NaN,"2,00",68180,67,47,Oui,"7364439,294","23,24",107,241,200,91,86,159,68,"0,54",00'34'',59'50''
06-04-2018,6,FALSE,0,0,0,NaN,NaN,NaN,"27,3",NaN,"33,6",00:03:06,04'38'',01'32'',qw1,"-15,0","10,0","8,9","10,0",Cu10a,3,b,Non,,,"1,00",RAS,RAS,,NaN,"1,00",,,,,0,"0,00",,,,,,,0,#DIV/0!,00'00'',NaN
06-04-2018,7,TRUE,1,1,0,NaN,NaN,NaN,"25,9",NaN,"37,4",17'00'',17'38'',00'38'',qw1,"10,0","-15,0","-11,0","20,0",Cu10a,1,a,Non,,,"2,00",RAS,RAS,J'ai fait une trace sur le substrat en l'attrapant alors qu'il allait tomber,NaN,"2,00",80430,61,47,Oui,"10876193,77","20,90",120,251,230,84,80,159,75,"0,52",00'38'',00'01''
06-04-2018,8,FALSE,0,0,0,NaN,NaN,NaN,"25,3",NaN,"38,1",03'03'',04'29'',01'26'',qw1,"-15,0","10,0","8,9","20,0",Cu10a,1,b,Non,,,"1,00",RAS,RAS,,NaN,"1,00",,,,,0,"0,00",,,,,,,0,#DIV/0!,00'00'',NaN
06-04-2018,9,FALSE,0,0,0,NaN,NaN,NaN,"25,8",NaN,"37,6",17'50'',18'15'',00'25'',qw1,"10,0","-15,0","-12,0","20,0",Cu10a,2,a,Non,,,"2,00",RAS,RAS,Etallement entre la fin du dégèle et le début du givrage,NaN,"2,00",,43,19,,0,"0,00",,,,107,106,151,44,#DIV/0!,00'22'',00'03''
06-04-2018,10,FALSE,0,0,0,NaN,NaN,NaN,"25,2",NaN,"38,3",03'10'',04'14'',01'04'',qw1,"-15,0","10,0","8,9","20,0",Cu10a,2,b,Non,,,"1,00",RAS,RAS,,NaN,"1,00",,,,,0,"0,00",,,,,,,0,#DIV/0!,00'00'',NaN
06-04-2018,11,TRUE,1,1,0,NaN,NaN,NaN,"24,8",NaN,"37,3",NaN,19'43'',NaN,qw2,"10,0","-10,0","-9,9","20,0",Cu10a,1,a,Non,,,"2,00",RAS,RAS,"Rotation du substrat pour changer le point ou la goutte est posée
Plus long car mauvais réglage --> -10°C et non -15°c",NaN,"2,00",81130,65,49,Oui,"12314396,03","23,06",129,250,235,94,89,160,66,"0,55",00'33'',NaN
06-04-2018,12,FALSE,0,0,0,NaN,NaN,NaN,"24,7",NaN,"38,2",02'14'',03'30'',01'16'',qw2,"-10,0","10,0","8,2","20,0",Cu10a,1,b,Non,,,"1,00",RAS,RAS,,NaN,"1,00",,,,,0,"0,00",,,,,,,0,#DIV/0!,00'00'',NaN
06-04-2018,13,FALSE,0,0,0,NaN,NaN,NaN,"25,6",NaN,"37,2",NaN,16'03'',NaN,qw1,"10,0","-15,0","-10,0","20,0",Cu10a,2,a,Non,,,"2,00",RAS,RAS,,NaN,"2,00",,,,,0,"0,00",,,,112,,161,49,#DIV/0!,00'25'',NaN
06-04-2018,14,FALSE,0,0,0,NaN,NaN,NaN,"24,8",NaN,"37,8",02'18'',03'40'',01'22'',qw1,"-15,0","10,0","8,3","20,0",Cu10a,2,b,Non,,,"1,00",RAS,RAS,,NaN,"1,00",,,,,0,"0,00",,,,,,,0,#DIV/0!,00'00'',NaN
09-04-2018,1,TRUE,1,0,0,NaN,NaN,NaN,"25,2",NaN,"40,4",17'20'',18'13'',00'53'',qw1,"10,0","-15,0","-12,5","30,0",Cu10a,1,a,Non,,,"2,00",RAS,RAS,,NaN,"2,00",76120,89,61,Oui,"10696663,79","24,25",143,225,202,59,54,147,88,"0,71",00'44'',00'09''
09-04-2018,2,FALSE,0,0,0,NaN,NaN,NaN,"25,2",NaN,"40,8",03'29'',04'30'',01'01'',qw1,"-15,0","10,0","9,0","30,0",Cu10a,1,b,Non,,,"1,00",RAS,RAS,Etalement,NaN,"1,00",,,,,0,"0,00",,,,,,,0,#DIV/0!,00'00'',NaN
09-04-2018,3,FALSE,0,0,0,NaN,NaN,NaN,"25,5",NaN,"39,3",17'00'',17'28'',00'28'',qw1,"10,0","-15,0","-11,5","30,0",Cu10a,2,a,Non,,,"2,00",RAS,RAS,,NaN,"2,00",,,,,0,"0,00",,,,107,,159,52,#DIV/0!,00'26'',00'02''
09-04-2018,4,FALSE,0,0,0,NaN,NaN,NaN,"25,0",NaN,"39,4",03'20'',04'29'',01'09'',qw1,"-15,0","10,0","8,8","30,0",Cu10a,2,b,Non,,,"1,00",RAS,RAS,Léger glissement,NaN,"1,00",,,,,0,"0,00",,,,,,,0,#DIV/0!,00'00'',NaN
10-04-2018,1,TRUE,1,1,0,NaN,NaN,NaN,"25,3",NaN,"35,6",21'26'',22'00'',00'34'',qw2,"10,0","-10,0","-10,0","30,0",Cu10a,1,a,Non,,,"2,00",RAS,RAS,,NaN,"2,00",80670,66,47,Oui,"11442877,91","21,80",127,236,228,96,91,164,68,"0,56",00'34'',00'00''
10-04-2018,2,FALSE,0,0,0,NaN,NaN,NaN,"24,7",NaN,"35,9",02'30'',03'32'',01'02'',qw2,"-10,0","10,0","8,6","30,0",Cu10a,1,b,Non,,,"1,00",RAS,RAS,,NaN,"1,00",,,,,0,"0,00",,,,,,,0,#DIV/0!,00'00'',NaN
10-04-2018,3,TRUE,1,1,0,NaN,NaN,NaN,"25,8",NaN,"33,7",NaN,17'02'',NaN,qw1,"10,0","-15,0",NaN,"30,0",Cu10a,2,a,Non,,,"2,00",RAS,RAS,,NaN,"2,00",80700,37,7,Non,"22033505,62","41,92",88,427,396,111,106,146,35,"0,22",00'18'',NaN
10-04-2018,4,FALSE,0,0,0,NaN,NaN,NaN,"25,4",NaN,"34,4",03'26'',04'17'',00'51'',qw1,"-15,0","10,0","8,7","30,0",Cu10a,2,b,Non,,,"1,00",RAS,RAS,,NaN,"1,00",,,,,0,"0,00",,,,,,,0,#DIV/0!,00'00'',NaN
10-04-2018,5,FALSE,0,0,0,NaN,NaN,NaN,"24,8",NaN,"30,3",NaN,17'14'',NaN,qw1,"10,0","-15,0",NaN,"30,0",Cu10a,1,a,Non,,,"2,00",RAS,RAS,,NaN,"2,00",,,,,0,"0,00",,,,92,,133,41,#DIV/0!,00'21'',NaN
10-04-2018,6,FALSE,0,0,0,NaN,NaN,NaN,"23,8",NaN,"31,0",03'17'',04'26'',01'09'',qw1,"-15,0","10,0","8,9","30,0",Cu10a,1,b,Non,,,"1,00",RAS,RAS,,NaN,"1,00",,,,,0,"0,00",,,,,,,0,#DIV/0!,00'00'',NaN
10-04-2018,7,FALSE,0,0,0,NaN,NaN,NaN,"25,1",NaN,"30,6",NaN,16'09'',NaN,qw1,"10,0","-15,0",NaN,"30,0",Cu10a,2,a,Non,,,"2,00",RAS,RAS,,NaN,"2,00",,,,,0,"0,00",,,,97,,131,34,#DIV/0!,00'17'',NaN
10-04-2018,8,FALSE,0,0,0,NaN,NaN,NaN,"24,6",NaN,"31,4",03'12'',04'07'',00'55'',qw1,"-15,0","10,0","9,0","30,0",Cu10a,2,b,Non,,,"1,00",RAS,RAS,,NaN,"1,00",,,,,0,"0,00",,,,,,,0,#DIV/0!,00'00'',NaN
10-04-2018,9,TRUE,1,1,0,NaN,NaN,NaN,"24,9",NaN,"30,6",18'04'',18'29'',00'25'',qw1,"10,0","-15,0","-12,2","45,0",Cu10a,1,a,Non,,,"2,00",RAS,RAS,"Retouche caméra... /!\ la cam2 a un angle de 2,7° avec l'horizon",NaN,"2,00",94410,75,35,Oui,"20609466,18","24,49",149,287,284,93,88,143,50,"0,52",00'25'',00'00''
10-04-2018,10,FALSE,0,0,0,NaN,NaN,NaN,NaN,NaN,NaN,03'03'',NaN,NaN,qw1,"-15,0","10,0","9,0","45,0",Cu10a,1,b,Non,,,"1,00",RAS,RAS,,NaN,"1,00",,,,,0,"0,00",,,,,,,0,#DIV/0!,00'00'',NaN
13-04-2018,1,FALSE,0,0,0,NaN,NaN,NaN,"25,2",NaN,"37,3",17'50'',18'08'',00'18'',qw1,"10,0","-15,0","-12,9","10,0",Cu20b,1,a,Non,,TRUE,"2,00",RAS,RAS,non-axi,NaN,"2,00",,,,,0,"0,00",,,,97,,131,34,#DIV/0!,00'17'',00'01''
13-04-2018,2,FALSE,0,0,0,NaN,NaN,NaN,NaN,NaN,NaN,03'07'',04'47'',01'40'',qw1,"-15,0","10,0","8,7","10,0",Cu20b,1,b,Non,,TRUE,"1,00",RAS,RAS,non-axi,NaN,"1,00",,,,,0,"0,00",,,,,,,0,#DIV/0!,00'00'',NaN
13-04-2018,3,FALSE,0,0,0,NaN,NaN,NaN,"25,0",NaN,"37,9",18'50'',19'12'',00'22'',qw1,"10,0","-15,0","-13,4","10,0",Cu20b,1,a,Non,,TRUE,"2,00",RAS,RAS,étalements succesifs avant givrage,NaN,"2,00",,,,,0,"0,00",,,,106,,132,26,#DIV/0!,00'13'',00'09''
13-04-2018,4,FALSE,0,0,0,NaN,NaN,NaN,"24,3",NaN,"38,9",02'54'',04'22'',01'28'',qw1,"-15,0","10,0","8,7","10,0",Cu20b,1,b,Non,,TRUE,"1,00",RAS,RAS,,NaN,"1,00",,,,,0,"0,00",,,,,,,0,#DIV/0!,00'00'',NaN
17-04-2018,1,FALSE,0,0,0,NaN,NaN,NaN,"27,3",NaN,"36,0",20'30'',21'00'',00'30'',qw1,"10,0","-15,0","-13,6","10,0",Cu20b,1,a,Non,,TRUE,"2,00",RAS,RAS,"fps à l'oscillo
étalement dans le sens de la pente",NaN,"2,00",,,,,0,"0,00",,,,113,,141,28,#DIV/0!,00'14'',00'16''
17-04-2018,2,FALSE,0,0,0,NaN,NaN,NaN,"26,8",NaN,"36,9",02'54'',04'45'',01'51'',qw1,"-15,0","10,0","8,6","10,0",Cu20b,1,b,Non,,TRUE,"1,00",RAS,RAS,fps à l'oscillo,NaN,"1,00",,,,,0,"0,00",,,,,,,0,#DIV/0!,00'00'',NaN
17-04-2018,3,TRUE,1,1,0,NaN,NaN,NaN,"27,5",NaN,"35,9",21'05'',21'24'',00'19'',qw1,"10,0","-15,0","-13,4","10,0",Cu20b,1,a,Non,,TRUE,"2,00",RAS,RAS,"fps à l'oscillo
étallement diagonale (tjrs le même)",NaN,"2,00",112500,51,43,Oui,"37027149,26","26,01",154,354,381,109,104,141,32,"0,40",00'16'',00'03''
17-04-2018,4,FALSE,0,0,0,NaN,NaN,NaN,"27,2",NaN,"37,0",02'53'',04'36'',01'43'',qw1,"-15,0","10,0","8,4","10,0",Cu20b,1,b,Non,,TRUE,"1,00",RAS,RAS,fps à l'oscillo,NaN,"1,00",,,,,0,"0,00",,,,,,,0,#DIV/0!,00'00'',NaN
18-04-2018,1,FALSE,0,0,0,NaN,NaN,NaN,"27,3",NaN,"37,1",00:19:20,19'38'',00'18'',qw1,"10,0","-15,0","-14,0","20,0",Cu20b,1,a,Non,,TRUE,"2,00",RAS,RAS,fps à l'oscillo,NaN,"2,00",,,,,0,"0,00",,,,,,,0,#DIV/0!,00'00'',NaN
18-04-2018,2,FALSE,0,0,0,NaN,NaN,NaN,"26,8",NaN,"37,7",00:02:50,04'54'',02'04'',qw1,"-15,0","10,0","8,6","20,0",Cu20b,1,b,Non,,TRUE,"1,00",RAS,RAS,fps à l'oscillo,NaN,"1,00",,,,,0,"0,00",,,,,,,0,#DIV/0!,00'00'',NaN
18-04-2018,3,FALSE,0,0,0,NaN,NaN,NaN,"27,6",NaN,"36,4",00:19:05,19'28'',00'23'',qw1,"10,0","-15,0","-13,4","20,0",Cu20b,2,a,Non,,TRUE,"2,00",RAS,RAS,fps à l'oscillo,NaN,"2,00",,,,,0,"0,00",,,,,,,0,#DIV/0!,00'00'',NaN
18-04-2018,4,FALSE,0,0,0,NaN,NaN,NaN,"27,0",NaN,"37,5",00:02:59,04'32'',01'33'',qw1,"-15,0","10,0","8,5","20,0",Cu20b,2,b,Non,,TRUE,"1,00",RAS,RAS,fps à l'oscillo,NaN,"1,00",,,,,0,"0,00",,,,,,,0,#DIV/0!,00'00'',NaN
18-04-2018,5,FALSE,0,0,0,NaN,NaN,NaN,"27,5",NaN,"35,6",00:23:30,23'47'',00'17'',qw1,"10,0","-15,0","-14,9","20,0",Cu20b,1,a,Non,,TRUE,"2,00",RAS,RAS,fps à l'oscillo,NaN,"2,00",,,,,0,"0,00",,,,,,,0,#DIV/0!,00'00'',NaN
18-04-2018,6,FALSE,0,0,0,NaN,NaN,NaN,"27,2",NaN,"36,6",00:02:56,04'40'',01'44'',qw1,"-15,0","10,0","8,7","20,0",Cu20b,1,b,Non,,TRUE,"1,00",RAS,RAS,fps à l'oscillo,NaN,"1,00",,,,,0,"0,00",,,,,,,0,#DIV/0!,00'00'',NaN
15-10-2018,1,FALSE,1,0,1,"20,0","40,0","20,0","19,6","38,0","42,6",24'34'',24'48'',00'14'',qw1,"10,0","-15,0","-15,0","0,0",Cu20b,1,a,Non,,TRUE,"4,00",150,0,Très long à givrer; -15°C atteint depuis qqs minutes,,"4,00","53333,33",53,47,NaN,"1550666,048","10,22",62,136,121,132,128,179,47,"0,51",00'12'',00'02''
15-10-2018,2,FALSE,1,4,1,"20,0","40,0","20,0","19,7","46,0","50,8",03'10'',04'03'',00'53'',qw1,"-15,0","10,0","8,6","0,0",Cu20b,1,b,Non,,TRUE,"4,00",150,0,"Ouverture 1/11 -> 1/16 
Manque le début",,"4,00","53333,33",67,61,NaN,"1555974,293","10,26",69,129,113,1,1,190,189,"0,61",00'47'',00'06''
15-10-2018,3,FALSE,1,4,1,"20,0","40,0","20,0","19,6","40,0","45,0",24'33'',24'50'',00'17'',qw1,"10,0","-15,0","-14,9","0,0",Cu20b,2,a,Non,,TRUE,"4,00",150,0,Pas le front,,"4,00","53333,33",57,57,NaN,"763400,208","5,03",47,123,98,117,113,149,32,"0,48",00'08'',00'09''
15-10-2018,4,FALSE,0,0,1,"20,0","40,0","20,0","19,6","44,0","49,3",02'45'',03'51'',01'06'',qw1,"-15,0","10,0","8,1","0,0",Cu20b,2,b,Non,,TRUE,"3,00",150,83,,,"3,00","53333,33",,,NaN,0,"0,00",,,,,,,0,#DIV/0!,00'00'',NaN
15-10-2018,5,FALSE,1,0,1,"20,0","40,0","20,0","19,6","37,0","41,8",25'16'',25'28'',00'12'',qw1,"10,0","-15,0","-15,0","0,0",Cu20b,1,a,Non,,TRUE,"4,00",150,0,-15°C atteint depuis peu (~1min),,"4,00","53333,33",55,60,NaN,"1447530,703","9,54",65,134,113,139,133,186,47,"0,58",00'12'',00'00''
15-10-2018,6,FALSE,1,0,1,"20,0","40,0","20,0","19,7","46,0","51,6",03'00'',03'55'',00'55'',qw1,"-15,0","10,0","8,2","0,0",Cu20b,1,b,Non,,TRUE,"3,00",150,83,,,"3,00","53333,33",,,NaN,"1725205,606","11,37",75,127,113,1,1,185,184,"0,66",01'01'',59'53''
15-10-2018,7,FALSE,0,4,1,"20,0","40,0","20,0","19,6","38,0","43,2",22'25'',22'40'',00'15'',qw1,"10,0","-15,0","-14,9","0,0",Cu20b,2,a,Non,,TRUE,"4,00",150,0,"Oublié de stopper l'enregistrement
On ne voit pas le givrage",,"4,00","53333,33",,,NaN,0,"0,00",,,,NaN,,NaN,#VALUE!,#DIV/0!,#VALUE!,#VALUE!
15-10-2018,8,FALSE,0,0,1,"20,0","40,0","20,0","19,7","45,0","50,2",03'09'',04'08'',00'59'',qw1,"-15,0","10,0","8,5","0,0",Cu20b,2,b,Non,,TRUE,"3,00",150,83,,,"3,00","53333,33",,,NaN,0,"0,00",,,,,,,0,#DIV/0!,00'00'',NaN
15-10-2018,9,FALSE,0,0,1,"20,0","40,0","20,0","19,6","38,0","42,3",24'01'',24'16'',00'15'',qw1,"10,0","-15,0","-14,9","0,0",Cu20b,3,a,Non,,TRUE,"4,00",150,0,,,"4,00","53333,33",,,NaN,0,"0,00",,,,125,121,184,59,#DIV/0!,00'15'',00'00''
15-10-2018,10,FALSE,0,2,1,"20,0","40,0","20,0","19,7","45,0","50,4",03'18'',04'04'',00'46'',qw1,"-15,0","10,0","8,6","0,0",Cu20b,3,b,Non,,TRUE,"3,00",150,83,Dégivrage déjà commencé pour _nuc (masqué par la condensation),,"3,00","53333,33",,,NaN,0,"0,00",,,,,,,0,#DIV/0!,00'00'',NaN
15-10-2018,11,FALSE,1,4,1,"20,0","50,0","20,0","19,6","50,0","55,4",27'30'',27'56'',00'26'',qw1,"10,0","-15,0","-15,0","0,0",Cu20b,1,a,Non,,FALSE,"4,00",150,0,Support légérement bougé => pas de mire exacte,,"4,00","53333,33",,,NaN,"2481440,365","16,36",78,164,135,86,77,183,97,"0,58",00'24'',00'02''
15-10-2018,12,FALSE,1,0,1,"20,0","50,0","20,1","19,8","55,0","60,7",NaN,NaN,NaN,qw1,"-15,0","10,0",NaN,"0,0",Cu20b,1,b,Non,,FALSE,"3,00",150,83,Pas le début exact : t_nuc < 3:25; ∆t > 1:11 T_nuc < 9°C,,"3,00","53333,33",,,NaN,"3651281,504","24,07",102,184,139,1,1,182,181,"0,73",01'00'',NaN
17-10-2018,1,FALSE,0,0,1,"20,0","50,0","20,0","19,5","50,0","55,9",NaN,NaN,NaN,qw1,"10,0","-15,0","-14,0","0,0",Cu20b,1,a,Non,,TRUE,"4,00",150,0,Pas de chrono,,"4,00","53818,18",,,NaN,0,"0,00",,,,81,77,173,92,#DIV/0!,00'23'',NaN
17-10-2018,2,FALSE,0,4,1,"20,0","50,0","20,0","19,7","53,0","59,9",02'47'',03'55'',01'08'',qw1,"-15,0","10,0","8,3","0,0",Cu20b,1,b,Non,,TRUE,"3,00",150,83,Pas tout le dégivrage,,"3,00","53818,18",,,NaN,0,"0,00",,,,,,,0,#DIV/0!,00'00'',NaN
17-10-2018,3,FALSE,0,0,1,"20,0","50,0","20,0","19,5","48,0","53,9",19'27'',19'44'',00'17'',qw1,"10,0","-15,0","-14,3","0,0",Cu20b,2,a,Non,,TRUE,"4,00",150,0,,,"4,00","53818,18",,,NaN,0,"0,00",,,,118,114,190,72,#DIV/0!,00'18'',59'58''
17-10-2018,4,FALSE,0,2,1,"20,0","50,0","20,0","19,7","55,0","61,7",02'59'',03'52'',00'53'',qw1,"-15,0","10,0","8,4","0,0",Cu20b,2,b,Non,,TRUE,"2,50",150,150,Trop de condensation,,"2,50","53818,18",,,NaN,0,"0,00",,,,,,,0,#DIV/0!,00'00'',NaN
17-10-2018,5,FALSE,1,0,1,"20,0","50,0","20,0","19,5","49,0","54,5",21'06'',21'23'',00'17'',qw1,"10,0","-15,0","-14,6","0,0",Cu20b,1,a,Non,,TRUE,"6,02",66,0,Ouverture 1/11,,"6,02","53818,18",44,43,NaN,"2971550,286","19,06",71,211,158,80,76,189,109,"0,45",00'18'',59'58''
17-10-2018,6,FALSE,0,0,1,"20,0","50,0","20,0","19,7","54,0","60,7",02'47'',03'50'',01'03'',qw1,"-15,0","10,0","8,3","0,0",Cu20b,1,b,Non,,TRUE,"2,50",150,150,Ouverture 1/11 - Difficile de voir le 1er instant,,"2,50","53818,18",,,NaN,"3756353,641","24,10",87,283,158,1,1,192,191,"0,55",01'16'',59'46''
17-10-2018,7,FALSE,0,0,1,"20,0","50,0","20,0",NaN,"48,0","54,0",19'35'',19'53'',00'18'',qw1,"10,0","-15,0","-13,6","0,0",Cu20b,2,a,Non,,TRUE,"4,99",100,0,Ouverture 1/11,"100,28","4,99","53818,18",,,NaN,0,"0,00",,,,90,86,187,97,#DIV/0!,00'19'',59'58''
17-10-2018,8,FALSE,0,0,1,"20,0","50,0","20,0","19,7","54,0","59,8",02'58'',03'46'',00'48'',qw1,"-15,0","10,0","8,2","0,0",Cu20b,2,b,Non,,TRUE,"2,50",150,150,,,"2,50","53818,18",,,NaN,0,"0,00",,,,,,,0,#DIV/0!,00'00'',NaN
17-10-2018,9,FALSE,0,0,1,"20,0","60,0","20,0","19,7","61,0","65,1",21'38'',21'50'',00'12'',qw1,"10,0","-15,0","-14,4","0,0",Cu20b,1,a,Non,,TRUE,"5,55",80,0,Très étalée,,"5,56","53818,18",,,NaN,0,"0,00",,,,98,94,183,85,#DIV/0!,00'15'',59'56''
17-10-2018,10,FALSE,0,0,1,"20,0","60,0","20,0","19,8","63,0","66,4",02'55'',03'42'',00'47'',qw1,"-15,0","10,0","8,4","0,0",Cu20b,1,b,Non,,TRUE,"2,50",150,150,,,"2,50","53818,18",,,NaN,0,"0,00",,,,,,,0,#DIV/0!,00'00'',NaN
17-10-2018,11,FALSE,0,2,1,"20,0","60,0","20,0",NaN,"60,0","64,7",NaN,20'29'',NaN,qw1,"10,0","-15,0","-13,8","0,0",Cu20b,2,a,Non,,TRUE,"6,24",60,0,Trop de condensation,,"6,25","53818,18",,,NaN,0,"0,00",,,,NaN,,NaN,#VALUE!,#DIV/0!,#VALUE!,NaN
17-10-2018,12,FALSE,0,2,1,"20,0","60,0","20,0","19,7","64,0","67,9",NaN,03'34'',NaN,qw1,"-15,0","10,0",NaN,"0,0",Cu20b,2,b,Non,,TRUE,"2,50",150,150,Trop de condensation,,"2,50","53818,18",,,NaN,0,"0,00",,,,,,,0,#DIV/0!,00'00'',NaN
22-10-2018,1,FALSE,1,0,1,"20,0","60,0","20,0",NaN,"61,0","63,5",NaN,19'08'',NaN,qw1,"10,0","-15,0",NaN,"0,0",Cu20b,1,a,Non,,TRUE,"4,99",100,0,,"100,28","4,99","54000,00",,,NaN,"3024618,593","19,21",63,227,171,94,90,188,94,"0,37",00'19'',NaN
22-10-2018,2,FALSE,1,0,1,"20,0","60,0","20,0","19,8","63,0","65,4",03'00'',03'47'',00'47'',qw1,"-15,0","10,0","8,3","0,0",Cu20b,1,b,Non,,TRUE,"2,50",150,150,,,"2,50","54000,00",,,NaN,"3179358,786","20,19",68,231,168,1,1,164,163,"0,40",01'05'',59'41''
22-10-2018,3,FALSE,0,0,1,"20,0","60,0","20,1","19,8","59,0","62,3",19'17'',19'34'',00'17'',qw1,"10,0","-15,0","-13,0","0,0",Cu20b,1,a,Non,,TRUE,"6,66",50,0,,,"6,67","54000,00",,,NaN,0,"0,00",,,,55,51,186,131,#DIV/0!,00'20'',59'56''
22-10-2018,4,FALSE,0,0,1,"20,0","60,0","20,0","19,7","64,0","66,9",02'48'',03'28'',00'40'',qw1,"-15,0","10,0","8,2","0,0",Cu20b,1,b,Non,,TRUE,"2,50",150,150,,,"2,50","54000,00",,,NaN,0,"0,00",,,,,,,0,#DIV/0!,00'00'',NaN
22-10-2018,5,FALSE,0,2,1,"20,0","60,0","20,0","19,6","62,0","65,4",18'50'',19'15'',00'25'',qw1,"10,0","-15,0","-13,1","0,0",Cu20b,2,a,Non,,TRUE,"5,46",83,0,Bcp de condensation,,"5,46","54000,00",,,NaN,0,"0,00",,,,43,39,186,143,#DIV/0!,00'26'',59'58''
22-10-2018,6,FALSE,0,0,1,"20,0","60,0","20,0","19,7","64,0","67,1",03'00'',03'55'',00'55'',qw1,"-15,0","10,0","8,4","0,0",Cu20b,2,b,Non,,TRUE,"2,50",150,150,,,"2,50","54000,00",,,NaN,0,"0,00",,,,,,,0,#DIV/0!,00'00'',NaN
22-10-2018,7,FALSE,1,0,1,"20,0","70,0","20,0","19,7","71,0","72,2",21'39'',21'55'',00'16'',qw1,"10,0","-15,0","-13,7","0,0",Cu20b,1,a,Non,,TRUE,"6,66",50,0,,,"6,67","54000,00",,,NaN,"2751205,784","17,47",48,307,189,60,49,178,118,"0,25",00'18'',59'57''
22-10-2018,8,FALSE,0,2,1,"20,0","70,0","20,0","19,8","72,0","74,3",02'41'',03'26'',00'45'',qw1,"-15,0","10,0","8,1","0,0",Cu20b,1,b,Non,,TRUE,"3,00",150,83,Bcp de condensation,,"3,00","54000,00",,,NaN,0,"0,00",,,,,,,0,#DIV/0!,00'00'',NaN
22-10-2018,9,FALSE,0,0,1,"20,0","70,0","20,0","19,7","71,0","70,9",21'25'',21'39'',00'14'',qw1,"10,0","-15,0","-14,6","0,0",Cu20b,1,a,Non,,TRUE,"4,99",100,0,,"100,28","4,99","54000,00",,,NaN,0,"0,00",,,,114,110,184,70,#DIV/0!,00'14'',59'59''
22-10-2018,10,FALSE,0,0,1,"20,0","70,0","20,0","19,8","73,0","73,3",02'41'',03'39'',00'58'',qw1,"-15,0","10,0","8,2","0,0",Cu20b,1,b,Non,,TRUE,"2,50",150,150,,,"2,50","54000,00",,,NaN,0,"0,00",,,,,,,0,#DIV/0!,00'00'',NaN
22-10-2018,11,FALSE,0,2,1,"20,0","80,0","20,0","19,7","81,0","79,3",NaN,NaN,NaN,qw1,"10,0","-15,0","-13,3","0,0",Cu20b,1,a,Non,,TRUE,"4,00",150,0,"Pas de chrono
Bcp de condensation",,"4,00","54000,00",,,NaN,0,"0,00",,,,NaN,,NaN,#VALUE!,#DIV/0!,#VALUE!,NaN
22-10-2018,12,FALSE,0,0,1,"20,0","80,0","20,0","19,8","82,0","80,6",02'24'',02'59'',00'35'',qw1,"-15,0","10,0","8,0","0,0",Cu20b,1,b,Non,,TRUE,"2,50",150,150,,,"2,50","54000,00",,,NaN,0,"0,00",,,,,,,0,#DIV/0!,00'00'',NaN
22-10-2018,13,FALSE,0,3,1,"30,0","40,0","30,0","29,4","38,0","40,8",21'53'',22'33'',00'40'',qw1,"10,0","-15,0","-13,5","0,0",Cu20b,1,a,Non,,TRUE,"4,00",150,0,Pas de pointe,,"4,00","54000,00",,,NaN,0,"0,00",,,,24,20,102,78,#DIV/0!,00'19'',00'21''
22-10-2018,14,FALSE,0,3,1,"30,0","40,0","30,1","29,2","41,0","46,0",02'20'',02'50'',00'30'',qw1,"-15,0","10,0",NaN,"0,0",Cu20b,1,b,Non,,TRUE,"2,50",150,150,6 < T_nuc < 7 ,,"2,50","54000,00",,,NaN,0,"0,00",,,,,,,0,#DIV/0!,00'00'',NaN
13-11-2018,1,FALSE,0,2,1,"30,0","50,0",NaN,NaN,NaN,NaN,NaN,NaN,NaN,qw1,"10,0","-15,0",NaN,"0,0",Cu10a,1,a,Non,,TRUE,NaN,NaN,NaN,"Non enregistré -> Trop de condensation
Enceinte non stable 30°C - 40%",,"0,00","523076,92",,,NaN,0,"0,00",,,,NaN,,NaN,#VALUE!,#DIV/0!,#VALUE!,NaN
13-11-2018,2,FALSE,0,3,1,"30,0","50,0","30,0",NaN,"51,0",NaN,20'33'',24'34'',04'01'',qw1,"10,0","-15,0","-13,9","0,0",Cu10a +PTFE,1,a,Non,,TRUE,"4,00",150,0,"Enceinte non stabilisée 29°C-44%
Visualisation difficile avec Téflon.
Pas tout le givrage
Pas de pointe",,"4,00","523076,92",,,NaN,0,"0,00",,,,NaN,,NaN,#VALUE!,#DIV/0!,#VALUE!,#VALUE!
13-11-2018,3,FALSE,0,3,1,"30,0","50,0","30,0",NaN,"52,0",NaN,NaN,NaN,NaN,qw1,"10,0","-15,0",NaN,"0,0",Cu10a +PTFE,1,a,Non,,FALSE,"0,83",100,1 000,Le flux d'air dans la chambre semble perturber la goutte,,"0,83","523076,92",,,NaN,0,"0,00",,,,NaN,,NaN,#VALUE!,#DIV/0!,#VALUE!,NaN
13-11-2018,4,FALSE,0,0,1,"20,0","50,0","20,0",NaN,"50,0",NaN,NaN,27'00'',NaN,qw2,"10,0","-10,0",NaN,"0,0",Cu10a,1,c,Non,,TRUE,"0,00",100,250 000,,,"0,00","520769,23",,,NaN,0,"0,00",,,,,,,0,#DIV/0!,00'00'',NaN
13-11-2018,5,FALSE,1,0,1,"20,0","50,0",NaN,NaN,NaN,NaN,NaN,NaN,NaN,qw2,"-10,0","10,0",NaN,"0,0",Cu10a,1,d,Non,,TRUE,"0,71",100,1 200,,,"0,71","52076,92",,,NaN,0,"0,00",,,,0,0,191,191,#DIV/0!,04'27'',NaN
20-11-2018,1,FALSE,0,0,1,"10,0","70,0","10,0","9,7","66,0","69,4",NaN,18'25'',NaN,qw1,"10,0","-15,0",NaN,"0,0",Cu10a,1,a,Non,,TRUE,"0,67",100,1 300,"Mise au point est pas top
La chambre n'est pas stabilisé \phi = 78%",,"0,67",,,,NaN,0,"0,00",,,,,,,0,#DIV/0!,00'00'',NaN
20-11-2018,2,FALSE,0,0,1,"10,0","70,0","10,0","9,8","68,0","73,7",02'47'',04'02'',01'15'',qw1,"-15,0","10,0","8,5","0,0",Cu10a,1,b,Non,,TRUE,"0,67",100,1 300,,,"0,67",,,,NaN,0,"0,00",,,,,,,0,#DIV/0!,00'00'',NaN
20-11-2018,3,FALSE,0,0,1,"10,0","70,0","10,0","9,7","70,0","72,4",16'34'',16'47'',00'13'',qw1,"10,0","-15,0","-12,6","0,0",Cu10a,2,a,Non,,TRUE,"0,67",100,1 300,,,"0,67",,,,NaN,0,"0,00",,,,,,,0,#DIV/0!,00'00'',NaN
20-11-2018,4,FALSE,0,0,1,"10,0","70,0","10,0","9,8","73,0","76,1",02'40'',04'17'',01'37'',qw1,"-15,0","10,0","8,5","0,0",Cu10a,2,b,Non,,TRUE,"0,67",100,1 300,,,"0,67",,,,NaN,0,"0,00",,,,,,,0,#DIV/0!,00'00'',NaN
20-11-2018,5,FALSE,0,0,1,"10,0","70,0","10,0",NaN,"66,0","69,9",NaN,17'50'',NaN,qw1,"10,0","-15,0",NaN,"0,0",Cu10a,1,a,Non,,TRUE,"0,67",100,500,,,"1,43",,,,NaN,0,"0,00",,,,,,,0,#DIV/0!,00'00'',NaN
20-11-2018,6,FALSE,0,0,1,"10,0","70,0","10,0","9,7","74,0","76,6",02'56'',04'50'',01'54'',qw1,"-15,0","10,0","8,4","0,0",Cu10a,1,b,Non,,TRUE,"1,43",100,500,,,"1,43",,,,NaN,0,"0,00",,,,,,,0,#DIV/0!,00'00'',NaN
20-11-2018,7,FALSE,0,0,1,"10,0","70,0","10,0","9,7","70,0","73,0",18'12'',18'32'',00'20'',qw1,"10,0","-15,0","-10,8","0,0",Cu10a,2,a,Non,,TRUE,"1,43",100,500,,,"1,43",,,,NaN,0,"0,00",,,,,,,0,#DIV/0!,00'00'',NaN
20-11-2018,8,FALSE,0,0,1,"10,0","70,0","10,0","9,7","74,0","76,5",03'13'',05'02'',01'49'',qw1,"-15,0","10,0","8,4","0,0",Cu10a,2,b,Non,,TRUE,"1,43",100,500,,,"1,43",,,,NaN,0,"0,00",,,,,,,0,#DIV/0!,00'00'',NaN
20-11-2018,9,FALSE,0,0,1,"10,0","70,0",NaN,NaN,NaN,NaN,NaN,NaN,NaN,qw1,"10,0","-15,0",NaN,"0,0",Cu10a,3,a,Non,,TRUE,"1,43",100,500,,,"1,43",,,,NaN,0,"0,00",,,,,,,0,#DIV/0!,00'00'',NaN
20-11-2018,10,FALSE,0,0,1,"10,0","70,0","10,0",NaN,"75,0","77,2",NaN,04'47'',NaN,qw1,"-15,0","10,0",NaN,"0,0",Cu10a,3,b,Non,,TRUE,"1,43",100,500,,,"1,43",,,,NaN,0,"0,00",,,,,,,0,#DIV/0!,00'00'',NaN
22-11-2018,1,FALSE,1,0,1,"15,0","50,0","15,0","14,8","47,0","51,8",17'15'',17'47'',00'32'',qw1,"10,0","-15,0","-12,4","0,0",Cu10a,1,a,Non,,TRUE,"1,43",100,500,"t_nuc est juste, mais t_end est p-e faux","600,28","1,43","53153,85",,,NaN,"3577930,552","23,82",64,249,185,26,20,107,81,"0,35",00'57'',59'34''
22-11-2018,2,FALSE,1,0,1,"15,0","50,0","15,0","14,8","53,0","58,3",02'38'',04'05'',01'27'',qw1,"-15,0","10,0","8,3","0,0",Cu10a,1,b,Non,,TRUE,"1,43",100,500,,"600,31","1,43","53153,85",,,NaN,"4100520,876","27,30",86,492,167,65,61,192,127,"0,51",01'29'',59'57''
22-11-2018,3,FALSE,0,0,1,"15,0","50,0","15,0","14,8","48,0","52,7",17'02'',17'18'',00'16'',qw1,"10,0","-15,0","-12,7","0,0",Cu10a,2,a,Non,,TRUE,"4,99",100,0,,"100,28","4,99","53153,85",,,NaN,0,"0,00",,,,107,103,178,71,#DIV/0!,00'14'',00'02''
22-11-2018,4,FALSE,0,0,1,"15,0","50,0","15,0","14,8","53,0","58,6",02'48'',03'51'',01'03'',qw1,"-15,0","10,0","8,5","0,0",Cu10a,2,b,Non,,TRUE,"1,43",100,500,,"600,31","1,43","53153,85",,,NaN,0,"0,00",,,,,,,0,#DIV/0!,00'00'',NaN
22-11-2018,5,FALSE,0,0,1,"15,0","50,0","15,0","14,8","45,0","49,9",NaN,17'20'',NaN,qw1,"10,0","-15,0",NaN,"0,0",Cu10a,3,a,Non,,TRUE,"4,99",100,0,,"100,28","4,99","53153,85",,,NaN,0,"0,00",,,,83,80,171,88,#DIV/0!,00'18'',NaN
22-11-2018,6,FALSE,0,0,1,"15,0","50,0","15,0","14,9","53,0","58,3",02'54'',04'25'',01'31'',qw1,"-15,0","10,0","8,6","0,0",Cu10a,3,b,Non,,TRUE,"1,43",100,500,,"600,31","1,43","53153,85",,,NaN,0,"0,00",,,,,,,0,#DIV/0!,00'00'',NaN
23-11-2018,1,FALSE,0,0,1,"15,0","50,0","15,0",NaN,"50,0",NaN,NaN,13:20:00,NaN,qw2,"10,0","-10,0",NaN,"0,0",Cu10a,1,c,Non,,TRUE,"0,00",100,250 000,,"250100,00","0,0040","53153,85",,,NaN,0,"0,00",,,,,,,0,#DIV/0!,00'00'',NaN
24-11-2018,1,FALSE,1,0,1,"15,0","50,0","15,0",NaN,"50,0",NaN,NaN,NaN,NaN,qw2,"-10,0","10,0",NaN,"0,0",Cu10a,1,d,Non,,TRUE,"0,59",100,1 500,,"1600,00","0,59","53153,85",,,NaN,0,"0,00",,,,0,0,191,191,#DIV/0!,05'25'',NaN
24-11-2018,2,FALSE,0,0,1,"15,0","50,0","15,0",NaN,"50,0",NaN,NaN,37:00:07,NaN,qw2,"10,0","-10,0",NaN,"0,0",Cu10a,1,c,Non,,TRUE,"0,00",100,3 600 000,Mauvais delay... Donc seulement 37 images utiles,,"0,00","53153,85",,,NaN,0,"0,00",,,,,,,0,#DIV/0!,00'00'',NaN
24-11-2018,3,FALSE,0,0,1,"15,0","50,0","15,0",NaN,"50,0",NaN,NaN,0:07:02,NaN,qw2,"-10,0","10,0",NaN,"0,0",Cu10a,1,d,Non,,TRUE,"0,45",100,2 000,,,"0,45","53153,85",,,NaN,0,"0,00",,,,0,0,191,191,#DIV/0!,07'00'',NaN
24-11-2018,4,FALSE,0,0,1,"15,0","50,0","15,0",NaN,"50,0",NaN,NaN,0:07:02,NaN,qw2,"-10,0","10,0",NaN,"0,0",Cu10a,1,d,Non,,TRUE,"0,45",100,2 000,Suite de la manip précédente,,"0,45","53153,85",,,NaN,0,"0,00",,,,0,0,191,191,#DIV/0!,07'00'',NaN
08-03-2018,1,TRUE,1,1,0,NaN,NaN,NaN,"22,2",NaN,"34,3",NaN,NaN,NaN,Tw-10,"-10,0","-10,0",NaN,"0,0",Cu20b,1,a,Non,,,"1,00",NaN,NaN,,NaN,"1,00",131800,46,42,Oui,"50116181,41","21,89",186,453,400,39,33,68,29,"0,47",00'29'',NaN
08-03-2018,2,TRUE,1,1,0,NaN,NaN,NaN,"22,5",NaN,"34,8",NaN,01'34'',NaN,Tw-10,"-10,0","-10,0",NaN,"0,0",Cu20b,1,a,Non,,,"3,00",NaN,NaN,,NaN,"3,00",139900,57,57,Oui,"53827081,96","19,66",182,480,421,63,58,156,93,"0,43",00'31'',NaN
08-03-2018,3,FALSE,0,0,0,NaN,NaN,NaN,"22,4",NaN,"34,8",NaN,01'30'',NaN,Tw-10,"-10,0","-10,0",NaN,"0,0",Cu20b,1,a,Non,,,"3,00",NaN,NaN,,NaN,"3,00",,,,,0,"0,00",,,,,-4,,0,#DIV/0!,00'00'',NaN
08-03-2018,4,TRUE,1,1,0,NaN,NaN,NaN,"22,4",NaN,"34,6",NaN,01'15'',NaN,Tw-12,"-12,0","-12,0",NaN,"0,0",Cu20b,1,a,Non,,,"3,00",NaN,NaN,,NaN,"3,00",138100,47,53,Non,"58400900,53","22,17",186,506,434,63,58,150,87,"0,43",00'29'',NaN
08-03-2018,5,TRUE,1,1,0,NaN,NaN,NaN,"22,3",NaN,"35,0",NaN,00'49'',NaN,Tw-12,"-12,0","-12,0",NaN,"0,0",Cu20b,1,a,Non,,,"3,00",NaN,NaN,,NaN,"3,00",121176,41,39,Oui,"58860297,19","33,08",183,547,440,64,59,155,91,"0,42",00'30'',NaN
08-03-2018,6,FALSE,0,0,0,NaN,NaN,NaN,"22,3",NaN,"35,6",NaN,00'58'',NaN,Tw-12,"-12,0","-12,0",NaN,"0,0",Cu20b,1,a,Non,,,"3,00",NaN,NaN,,NaN,"3,00",,,,,0,"0,00",,,,,,,,,,NaN
08-03-2018,7,FALSE,0,0,0,NaN,NaN,NaN,NaN,NaN,NaN,NaN,NaN,NaN,qw4,"-12,0","10,0",NaN,"0,0",Cu20b,1,b,Non,,,"1,00",NaN,NaN,,NaN,"1,00",,,,,0,"0,00",,,,,,,,,,NaN
08-03-2018,8,TRUE,1,1,0,NaN,NaN,NaN,"22,1",NaN,"35,3",NaN,17'05'',NaN,qw4,"10,0","-12,0","-12,0","0,0",Cu20b,1,a,Non,,,"1,00",NaN,NaN,,NaN,"1,00",129400,56,56,Oui,"50324221,86","23,23",206,511,376,131,126,153,22,"0,55",00'07'',NaN
08-03-2018,9,FALSE,0,0,0,NaN,NaN,NaN,"21,9",NaN,"35,5",00:02:27,NaN,NaN,qw4,"-12,0","10,0","8,0","0,0",Cu20b,1,b,Non,,,"1,00",NaN,NaN,,NaN,"1,00",,,,,0,"0,00",,,,,,,0,#DIV/0!,00'00'',NaN
08-03-2018,10,FALSE,0,0,0,NaN,NaN,NaN,"21,8",NaN,"36,0",NaN,15'40'',NaN,qw4,"10,0","-12,0",NaN,"0,0",Cu20b,2,a,Non,,,"1,00",NaN,NaN,,NaN,"1,00",,,,,0,"0,00",,,,,,,0,#DIV/0!,00'00'',NaN
08-03-2018,11,FALSE,0,0,0,NaN,NaN,NaN,"21,2",NaN,"36,6",00:03:11,04'00'',00'49'',qw4,"-12,0","10,0","8,0","0,0",Cu20b,2,b,Non,,,"1,00",NaN,NaN,,NaN,"1,00",,,,,0,"0,00",,,,,,,0,#DIV/0!,00'00'',NaN
20-11-2017,1,TRUE,1,1,0,NaN,NaN,NaN,"20,6",NaN,NaN,01'20'',02'00'',00'40'',Tw-7,"-7,0","-7,0","-7,0","0,0",Cu20b,1,a,Non,,TRUE,"6,66","50,23","0,00",P-e pas laisser assez de temps pour eq thermique du substrat,"50,23","6,657",133000,55,53,Oui,"43665825,67","18,56",192,424,364,57,53,324,267,"0,53",00'40'',59'59''
20-11-2017,2,FALSE,0,0,0,NaN,NaN,NaN,"20,6",NaN,NaN,03'43'',04'26'',00'43'',Tw-7,"-7,0","-7,0","-7,0","0,0",Cu20b,1,a,Non,,TRUE,"4,99","100,28","0,00",,"100,28","4,993",133000,,,,0,"0,00",,,,,,,0,#DIV/0!,00'00'',NaN
20-11-2017,3,FALSE,0,0,0,NaN,NaN,NaN,"21,0",NaN,NaN,02'06'',02'57'',00'51'',Tw-7,"-7,0","-7,0","-7,0","0,0",Cu20b,1,a,Non,,TRUE,"4,99","100,28","0,00",,"100,28","4,993",133000,,,,0,"0,00",,,,,,,0,#DIV/0!,00'00'',NaN
20-11-2017,4,FALSE,0,0,0,NaN,NaN,NaN,"21,2",NaN,NaN,02'27'',03'13'',00'46'',Tw-7,"-7,0","-7,0","-7,0","0,0",Cu20b,1,a,Non,,TRUE,"4,99","100,28","0,00",,"100,28","4,993",133000,,,,0,"0,00",,,,,,,0,#DIV/0!,00'00'',NaN
20-11-2017,5,FALSE,0,0,0,NaN,NaN,NaN,"21,2",NaN,NaN,04'43'',05'29'',00'46'',Tw-7,"-7,0","-7,0","-7,0","0,0",Cu20b,1,a,Non,,TRUE,"4,00","100,28","50,04",Redémarrage complet de la manip,"150,32","3,995",133000,,,,0,"0,00",,,,,,,0,#DIV/0!,00'00'',NaN
20-11-2017,6,FALSE,0,0,0,NaN,NaN,NaN,"21,6",NaN,NaN,04'46'',05'24'',00'38'',Tw-7,"-7,0","-7,0","-7,0","0,0",Cu20b,1,a,Non,,TRUE,"4,00","100,28","50,04",Le substrat a été bougé involontairement (pas la même zone de manip),"150,32","3,995",133000,,,,0,"0,00",,,,,-4,,0,#DIV/0!,00'00'',NaN
20-11-2017,7,FALSE,0,0,0,NaN,NaN,NaN,"21,6",NaN,NaN,0,01'20'',01'20'',Tw-7,"-7,0","-7,0","-7,0","0,0",Cu20b,1,a,Non,,TRUE,"4,00","100,28","50,04",Givrage dès la  dépose - Présence d’un germe ?,"150,32","3,995",133000,,,,0,"0,00",,,,,-4,,0,#DIV/0!,00'00'',NaN
20-11-2017,8,FALSE,0,0,0,NaN,NaN,NaN,"21,8",NaN,NaN,00'14'',01'30'',01'16'',Tw-7,"-7,0","-7,0","-7,0","0,0",Cu20b,1,a,Non,,TRUE,"4,00","100,28","50,04",Givrage dès la  dépose - Présence d’un germe ?,"150,32","3,995",133000,,,,0,"0,00",,,,,-4,,0,#DIV/0!,00'00'',NaN
20-11-2017,9,FALSE,0,0,0,NaN,NaN,NaN,"21,5",NaN,NaN,00'00'',01'10'',01'10'',Tw-7,"-7,0","-7,0","-7,0","0,0",Cu20b,1,a,Non,,TRUE,"4,00","100,28","50,04",Givrage dès la  dépose - Présence d’un germe ?,"150,32","3,995",133000,,,,0,"0,00",,,,,-4,,0,#DIV/0!,00'00'',NaN
20-11-2017,10,FALSE,0,0,0,NaN,NaN,NaN,"21,5",NaN,NaN,NaN,02'46'',NaN,Tw-7,"-7,0","-7,0","-7,0","0,0",Cu20b,1,a,Non,,TRUE,"4,00","100,28","50,04",Givrage dès la  dépose - Présence d’un germe ?,"150,32","3,995",133000,,,,0,"0,00",,,,,-4,,0,#DIV/0!,00'00'',NaN
21-11-2017,1,FALSE,1,0,0,NaN,NaN,NaN,"22,0",NaN,NaN,02'24'',02'38'',00'14'',Tw-15,"-15,0","-15,0","-15,0","0,0",Cu20b,1,a,Non,,TRUE,"6,66","50,23",0,,"50,23","6,657",133000,,,,"40163768,77","17,07",196,413,343,233,229,326,93,"0,57",00'14'',00'00''
21-11-2017,2,FALSE,1,0,0,NaN,NaN,NaN,"22,8",NaN,NaN,01'06'',01'26'',00'20'',Tw-15,"-15,0","-15,0","-15,0","0,0",Cu20b,1,a,Non,,TRUE,"6,66","50,23",0,,"50,23","6,657",133000,,,,"34593595,67","14,70",201,407,310,195,191,326,131,"0,65",00'20'',00'00''
21-11-2017,3,FALSE,0,0,0,NaN,NaN,NaN,"22,6",NaN,NaN,00'02'',00'46'',00'44'',Tw-15,"-15,0","-15,0","-15,0","0,0",Cu20b,1,a,Non,,TRUE,"6,66","50,23",0,Givrage dès la dépose suite à plusieurs manips ratées,"50,23","6,657",133000,,,,"41083257,44","17,46",198,417,345,,-4,,0,"0,57",00'00'',NaN
21-11-2017,4,FALSE,0,0,0,NaN,NaN,NaN,"22,8",NaN,NaN,00'10'',00'50'',00'40'',Tw-15,"-15,0","-15,0","-15,0","0,0",Cu20b,1,a,Non,,TRUE,"4,99","100,28",0,Plusieurs manips ratées,"100,28","4,993",133000,,,,0,"0,00",,,,,-4,,0,#DIV/0!,00'00'',NaN
21-11-2017,5,FALSE,0,0,0,NaN,NaN,NaN,"22,8",NaN,NaN,00'13'',00'51'',00'38'',Tw-15,"-15,0","-15,0","-15,0","0,0",Cu20b,1,a,Non,,TRUE,"4,99","100,28",0,,"100,28","4,993",133000,,,,0,"0,00",,,,,-4,,0,#DIV/0!,00'00'',NaN
21-11-2017,6,FALSE,0,0,0,NaN,NaN,NaN,"22,8",NaN,NaN,00'16'',00:00:50,00'34'',Tw-15,"-15,0","-15,0","-15,0","0,0",Cu20b,1,a,Non,,TRUE,"4,99","100,28",0,,"100,28","4,993",133000,,,,0,"0,00",,,,,-4,,0,#DIV/0!,00'00'',NaN
21-11-2017,7,FALSE,0,0,0,NaN,NaN,NaN,"22,8",NaN,NaN,00'20'',00'54'',00'34'',Tw-15,"-15,0","-15,0","-15,0","0,0",Cu20b,1,a,Non,,TRUE,"4,99","100,28",0,,"100,28","4,993",133000,,,,0,"0,00",,,,,-4,,0,#DIV/0!,00'00'',NaN
21-11-2017,8,FALSE,0,0,0,NaN,NaN,NaN,"22,8",NaN,NaN,00'21'',00'56'',00'35'',Tw-15,"-15,0","-15,0","-15,0","0,0",Cu20b,1,a,Non,,TRUE,"4,00",150,0,,,"4,00",133000,,,,0,"0,00",,,,,-4,,0,#DIV/0!,00'00'',NaN
21-11-2017,9,FALSE,0,0,0,NaN,NaN,NaN,"22,7",NaN,NaN,00'10'',00'45'',00'35'',Tw-15,"-15,0","-15,0","-15,0","0,0",Cu20b,1,a,Non,,TRUE,"4,00",150,0,,,"4,00",133000,,,,0,"0,00",,,,,-4,,0,#DIV/0!,00'00'',NaN
21-11-2017,10,FALSE,0,0,0,NaN,NaN,NaN,"22,7",NaN,NaN,00'15'',00'52'',00'37'',Tw-15,"-15,0","-15,0","-15,0","0,0",Cu20b,1,a,Non,,TRUE,"4,00",150,0,,,"4,00",133000,,,,0,"0,00",,,,,-4,,0,#DIV/0!,00'00'',NaN
23-11-2017,1,FALSE,0,0,0,NaN,NaN,NaN,"21,9",NaN,NaN,05'19'',06'01'',00'42'',qwAlt-7,"-7,0","-7,0","-7,0","0,0",Cu20b,1,a,Non,,,"6,66","50,23",0,,"50,23","6,657",133000,,,,0,"0,00",,,,,-4,,0,#DIV/0!,00'00'',NaN
23-11-2017,2,FALSE,0,0,0,NaN,NaN,NaN,"22,2",NaN,NaN,06'48'',07'30'',00'42'',qwAlt-7,"-7,0","-7,0","-7,0","0,0",Cu20b,1,a,Non,,,"6,66","50,23",0,,"50,23","6,657",133000,,,,0,"0,00",,,,,-4,,0,#DIV/0!,00'00'',NaN
23-11-2017,3,FALSE,0,0,0,NaN,NaN,NaN,"22,2",NaN,NaN,07'04'',07'46'',00'42'',qwAlt-7,"-7,0","-7,0","-7,0","0,0",Cu20b,1,a,Non,,,"6,66","50,23",0,,"50,23","6,657",133000,,,,0,"0,00",,,,,-4,,0,#DIV/0!,00'00'',NaN
23-11-2017,4,FALSE,0,0,0,NaN,NaN,NaN,"23,8",NaN,NaN,07'49'',08'25'',00'36'',qwAlt-7,"-7,0","-7,0","-7,0","0,0",Cu20b,1,a,Non,,,"6,66","50,23",0,,"50,23","6,657",133000,,,,0,"0,00",,,,,-4,,0,#DIV/0!,00'00'',NaN
23-11-2017,5,FALSE,0,0,0,NaN,NaN,NaN,"24,0",NaN,NaN,NaN,05'30'',NaN,qwAlt-7,"-7,0","-7,0","-7,0","0,0",Cu20b,1,a,Non,,,"7,99","25,21",0,Pas tout le givrage d'enregistré,"25,21","7,987",133000,,,,0,"0,00",,,,,-4,,0,#DIV/0!,00'00'',NaN
23-11-2017,6,FALSE,0,0,0,NaN,NaN,NaN,"24,4",NaN,NaN,06'25'',07'01'',00'36'',qwAlt-7,"-7,0","-7,0","-7,0","0,0",Cu20b,1,a,Non,,,"4,99","100,28",0,,"100,28","4,993",133000,,,,0,"0,00",,,,,-4,,0,#DIV/0!,00'00'',NaN
23-11-2017,7,FALSE,0,0,0,NaN,NaN,NaN,"24,9",NaN,NaN,05'09'',05'49'',00'40'',qwAlt-7,"-7,0","-7,0","-7,0","0,0",Cu20b,1,a,Non,,,"4,99","100,28",0,,"100,28","4,993",133000,,,,0,"0,00",,,,,-4,,0,#DIV/0!,00'00'',NaN
23-11-2017,8,FALSE,0,0,0,NaN,NaN,NaN,"24,7",NaN,NaN,08'08'',08'44'',00'36'',qwAlt-7,"-7,0","-7,0","-7,0","0,0",Cu20b,1,a,Non,,,"4,99","100,28",0,,"100,28","4,993",133000,,,,0,"0,00",,,,,-4,,0,#DIV/0!,00'00'',NaN
23-11-2017,9,FALSE,0,0,0,NaN,NaN,NaN,"24,6",NaN,NaN,06'24'',07'05'',00'41'',qwAlt-7,"-7,0","-7,0","-7,0","0,0",Cu20b,1,a,Non,,,"4,99","100,28",0,,"100,28","4,993",133000,,,,0,"0,00",,,,,-4,,0,#DIV/0!,00'00'',NaN
25-04-2019,1,FALSE,1,1,1,"5,0",NaN,"5,0","5,0",NaN,"69,5",15'00'',16'07'',01'07'',qw1,"10,0","-15,0","-11,3","0,0",Cuve20a,1,a,Non,,,"0,83","100,28",1 000,,,"0,83","65833,33333",90,90,Oui,"1987798,769","6,97",156,,,121,117,184,63,#DIV/0!,01'16'',59'50''
25-04-2019,2,FALSE,0,0,1,"5,0",NaN,"5,0","5,1",NaN,"71,6",02'30'',07'46'',05'16'',qw1,"-13,9","10,0","7,9","0,0",Cuve20a,1,b,Non,,,"0,59","100,28",1 500,,,"0,59","65833,33333",90,90,Oui,0,"0,00",,,,15,11,192,177,#DIV/0!,05'01'',00'15''
25-04-2019,3,FALSE,1,0,1,"5,0",NaN,"4,9","5,0",NaN,"67,7",16'01'',17'13'',01'12'',qw1,"10,0","-15,0","-12,2","0,0",Cuve20a,1,a,Non,,,"0,83","100,28",1 000,,,"0,83","65833,33333",90,90,Oui,0,"0,00",,,,131,127,192,61,#DIV/0!,01'13'',59'58''
25-04-2019,4,FALSE,0,0,1,"5,0",NaN,"5,0","5,1",NaN,"69,7",02'52'',07'33'',04'41'',qw1,"-15,0","10,0","8,4","0,0",Cuve20a,1,b,Non,,,"0,59","100,28",1 500,"Apparition de très ""grosse"" goutte de condensation devant la cuve",,"0,59","65833,33333",90,90,Oui,0,"0,00",,,,20,74,192,172,#DIV/0!,04'52'',59'48''
25-04-2019,5,FALSE,1,0,1,"5,0",NaN,"4,9","5,0",NaN,"71,4",15'40'',17'25'',01'45'',qw1,"10,0","-15,0","-11,8","0,0",Cuve20a,2,a,Non,,,"1,43","100,28",500,,,"1,43","65833,33333",90,90,Oui,"20035530,19","70,22",167,286,259,39,35,167,128,"0,64",01'30'',00'15''
25-04-2019,6,FALSE,0,0,1,"5,0",NaN,"5,0","5,1",NaN,"73,2",02'47'',07'32'',04'45'',qw1,"-15,0","10,0","8,2","0,0",Cuve20a,2,b,Non,,,"0,59","100,28",1 500,,,"0,59","65833,33333",90,90,Oui,0,"0,00",,,,33,29,192,159,#DIV/0!,04'30'',00'15''
24-04-2019,1,FALSE,0,0,1,"20,0",50,"20,0","19,5","48,0","53,9",NaN,NaN,NaN,qw1,"10,0","-15,0",NaN,"0,0",Cuve20a,1,a,Non,,,"1,43","100,28",500,Soufflage externe pour camera + sur la cuve -> Pas de givrage (flux trop intense ?) (35min de manip -15° établi depuis 15min au moins),,"1,43","65833,33333",90,90,Oui,0,"0,00",,,,NaN,0,NaN,#VALUE!,#DIV/0!,#VALUE!,NaN
24-04-2019,2,FALSE,0,0,1,"20,0",50,"20,0","19,5","50,0","56,8",NaN,NaN,NaN,qw1,"-15,0","10,0",NaN,"0,0",Cuve20a,1,b,Non,,,"0,89","100,28",1 000,"Pas givrée au départ, la variation de température n'a pas déclenché le givrage (Pas de surfusion ?)
Pas de dégivrage",,"0,83","65833,33333",90,90,Oui,0,"0,00",,,,NaN,0,NaN,#VALUE!,#DIV/0!,#VALUE!,NaN
24-04-2019,3,FALSE,0,0,1,"5,0",NaN,"4,9","5,3",NaN,"66,0",15'53'',18'04'',02'11'',qw1,"10,0","-15,0","-12,1","0,0",Cuve20a,2,a,Non,,,"1,43","100,28",500,Pas le début du givrage,,"1,43","65833,33333",90,90,Oui,0,"0,00",,,,0,0,202,202,#DIV/0!,02'21'',59'49''
24-04-2019,4,FALSE,0,0,1,"5,0",NaN,"5,0","5,2",NaN,"70,0",02'33'',06'50'',04'17'',qw1,"-15,0","10,0","7,6","0,0",Cuve20a,2,b,Non,,,"0,89","100,28",1 000,"J'ai l'impression qu'il y a des fuites, de grosses ""gouttes"" d'eau apparaissent devant la cuve.",,"0,83","65833,33333",90,90,Oui,0,"0,00",,,,25,53,202,177,#DIV/0!,03'32'',00'45''
24-04-2019,5,FALSE,1,0,1,"5,0",NaN,"5,0","5,0",NaN,"68,9",15'44'',18'02'',02'18'',qw1,"10,0","-15,0","-12,0","0,0",Cuve20a,3,a,Non,,,"0,89","100,28",1 000,,,"0,83","65833,33333",90,90,Oui,"19936416,08","69,87",170,303,255,83,79,202,119,"0,67",02'23'',59'54''
24-04-2019,6,FALSE,0,0,1,"5,0",NaN,"5,0","5,1",NaN,"70,2",02'34'',08'01'',05'27'',qw1,"-15,0","10,0","8,0","0,0",Cuve20a,3,b,Non,,,"0,59","100,28",1 500,,,"0,59","65833,33333",90,90,Oui,0,"0,00",,,,20,50,202,182,#DIV/0!,05'09'',00'18''
,,FALSE,0,,,,,,,,,,,00'00'',,,,,,,,,,,,,,,,,"10,00",,,,,0,"0,00",,,,,-4,,0,#DIV/0!,00'00'',NaN
,,FALSE,0,,,,,,,,,,,00'00'',,,,,,,,,,,,,,,,,"10,00",,,,,0,"0,00",,,,,-4,,0,#DIV/0!,00'00'',NaN
,,FALSE,0,,,,,,,,,,,00'00'',,,,,,,,,,,,,,,,,"10,00",,,,,0,"0,00",,,,,-4,,0,#DIV/0!,00'00'',NaN
,,FALSE,0,,,,,,,,,,,00'00'',,,,,,,,,,,,,,,,,"10,00",,,,,0,"0,00",,,,,-4,,0,#DIV/0!,00'00'',NaN
,,FALSE,0,,,,,,,,,,,00'00'',,,,,,,,,,,,,,,,,"10,00",,,,,0,"0,00",,,,,-4,,0,#DIV/0!,00'00'',NaN
,,FALSE,0,,,,,,,,,,,00'00'',,,,,,,,,,,,,,,,,"10,00",,,,,0,"0,00",,,,,-4,,0,#DIV/0!,00'00'',NaN
,,FALSE,0,,,,,,,,,,,00'00'',,,,,,,,,,,,,,,,,"10,00",,,,,0,"0,00",,,,,-4,,0,#DIV/0!,00'00'',NaN
,,FALSE,0,,,,,,,,,,,00'00'',,,,,,,,,,,,,,,,,"10,00",,,,,0,"0,00",,,,,-4,,0,#DIV/0!,00'00'',NaN
,,FALSE,0,,,,,,,,,,,00'00'',,,,,,,,,,,,,,,,,"10,00",,,,,0,"0,00",,,,,-4,,0,#DIV/0!,00'00'',NaN
,,FALSE,0,,,,,,,,,,,00'00'',,,,,,,,,,,,,,,,,"10,00",,,,,0,"0,00",,,,,-4,,0,#DIV/0!,00'00'',NaN
,,FALSE,0,,,,,,,,,,,00'00'',,,,,,,,,,,,,,,,,"10,00",,,,,0,"0,00",,,,,-4,,0,#DIV/0!,00'00'',NaN
,,FALSE,0,,,,,,,,,,,00'00'',,,,,,,,,,,,,,,,,"10,00",,,,,0,"0,00",,,,,-4,,0,#DIV/0!,00'00'',NaN
,,FALSE,0,,,,,,,,,,,00'00'',,,,,,,,,,,,,,,,,"10,00",,,,,0,"0,00",,,,,-4,,0,#DIV/0!,00'00'',NaN
,,FALSE,0,,,,,,,,,,,00'00'',,,,,,,,,,,,,,,,,"10,00",,,,,0,"0,00",,,,,-4,,0,#DIV/0!,00'00'',NaN
,,FALSE,0,,,,,,,,,,,00'00'',,,,,,,,,,,,,,,,,"10,00",,,,,0,"0,00",,,,,-4,,0,#DIV/0!,00'00'',NaN
,,FALSE,0,,,,,,,,,,,00'00'',,,,,,,,,,,,,,,,,"10,00",,,,,0,"0,00",,,,,-4,,0,#DIV/0!,00'00'',NaN
,,FALSE,0,,,,,,,,,,,00'00'',,,,,,,,,,,,,,,,,"10,00",,,,,0,"0,00",,,,,-4,,0,#DIV/0!,00'00'',NaN
,,FALSE,0,,,,,,,,,,,00'00'',,,,,,,,,,,,,,,,,"10,00",,,,,0,"0,00",,,,,-4,,0,#DIV/0!,00'00'',NaN